source,lead,month,pct_non_missing
bom_access_global,1,2024-01,84.6
bom_access_global,1,2024-02,100.0
bom_access_global,1,2024-03,100.0
bom_access_global,1,2024-04,100.0
bom_access_global,1,2024-05,100.0
bom_access_global,1,2024-06,100.0
bom_access_global,2,2024-01,76.9
bom_access_global,2,2024-02,100.0
bom_access_global,2,2024-03,100.0
bom_access_global,2,2024-04,100.0
bom_access_global,2,2024-05,100.0
bom_access_global,2,2024-06,100.0
bom_access_global,3,2024-01,69.2
bom_access_global,3,2024-02,100.0
bom_access_global,3,2024-03,100.0
bom_access_global,3,2024-04,100.0
bom_access_global,3,2024-05,100.0
bom_access_global,3,2024-06,100.0
bom_access_global,4,2024-01,61.5
bom_access_global,4,2024-02,100.0
bom_access_global,4,2024-03,100.0
bom_access_global,4,2024-04,100.0
bom_access_global,4,2024-05,100.0
bom_access_global,4,2024-06,100.0
bom_access_global,5,2024-01,53.8
bom_access_global,5,2024-02,100.0
bom_access_global,5,2024-03,93.5
bom_access_global,5,2024-04,100.0
bom_access_global,5,2024-05,100.0
bom_access_global,5,2024-06,100.0
cma_grapes_global,1,2024-01,84.6
cma_grapes_global,1,2024-02,100.0
cma_grapes_global,1,2024-03,100.0
cma_grapes_global,1,2024-04,100.0
cma_grapes_global,1,2024-05,100.0
cma_grapes_global,1,2024-06,100.0
cma_grapes_global,2,2024-01,76.9
cma_grapes_global,2,2024-02,100.0
cma_grapes_global,2,2024-03,100.0
cma_grapes_global,2,2024-04,100.0
cma_grapes_global,2,2024-05,100.0
cma_grapes_global,2,2024-06,100.0
cma_grapes_global,3,2024-01,69.2
cma_grapes_global,3,2024-02,100.0
cma_grapes_global,3,2024-03,100.0
cma_grapes_global,3,2024-04,100.0
cma_grapes_global,3,2024-05,100.0
cma_grapes_global,3,2024-06,100.0
cma_grapes_global,4,2024-01,61.5
cma_grapes_global,4,2024-02,100.0
cma_grapes_global,4,2024-03,100.0
cma_grapes_global,4,2024-04,100.0
cma_grapes_global,4,2024-05,100.0
cma_grapes_global,4,2024-06,100.0
cma_grapes_global,5,2024-01,53.8
cma_grapes_global,5,2024-02,100.0
cma_grapes_global,5,2024-03,100.0
cma_grapes_global,5,2024-04,100.0
cma_grapes_global,5,2024-05,93.5
cma_grapes_global,5,2024-06,100.0
ecmwf_ifs025,1,2024-02,92.6
ecmwf_ifs025,1,2024-03,100.0
ecmwf_ifs025,2,2024-02,88.9
ecmwf_ifs025,2,2024-03,100.0
ecmwf_ifs025,3,2024-02,85.2
ecmwf_ifs025,3,2024-03,100.0
ecmwf_ifs025,4,2024-02,81.5
ecmwf_ifs025,4,2024-03,100.0
ecmwf_ifs025,5,2024-02,77.8
ecmwf_ifs025,5,2024-03,100.0
gem_global,1,2024-01,84.6
gem_global,1,2024-02,100.0
gem_global,1,2024-03,100.0
gem_global,2,2024-01,76.9
gem_global,2,2024-02,100.0
gem_global,2,2024-03,100.0
gem_global,3,2024-01,69.2
gem_global,3,2024-02,100.0
gem_global,3,2024-03,100.0
gem_global,4,2024-01,61.5
gem_global,4,2024-02,100.0
gem_global,4,2024-03,100.0
gem_global,5,2024-01,53.8
gem_global,5,2024-02,100.0
gem_global,5,2024-03,100.0
gfs_global,1,2024-01,84.6
gfs_global,1,2024-02,100.0
gfs_global,1,2024-03,100.0
gfs_global,2,2024-01,76.9
gfs_global,2,2024-02,100.0
gfs_global,2,2024-03,100.0
gfs_global,3,2024-01,69.2
gfs_global,3,2024-02,100.0
gfs_global,3,2024-03,100.0
gfs_global,4,2024-01,61.5
gfs_global,4,2024-02,100.0
gfs_global,4,2024-03,100.0
gfs_global,5,2024-01,53.8
gfs_global,5,2024-02,100.0
gfs_global,5,2024-03,100.0
icon_global,1,2024-01,84.6
icon_global,1,2024-02,100.0
icon_global,1,2024-03,100.0
icon_global,2,2024-01,76.9
icon_global,2,2024-02,100.0
icon_global,2,2024-03,100.0
icon_global,3,2024-01,69.2
icon_global,3,2024-02,100.0
icon_global,3,2024-03,100.0
icon_global,4,2024-01,61.5
icon_global,4,2024-02,100.0
icon_global,4,2024-03,100.0
icon_global,5,2024-01,53.8
icon_global,5,2024-02,100.0
icon_global,5,2024-03,100.0
jma_gsm,1,2024-01,100.0
jma_gsm,1,2024-02,100.0
jma_gsm,1,2024-03,100.0
jma_gsm,2,2024-01,100.0
jma_gsm,2,2024-02,100.0
jma_gsm,2,2024-03,100.0
jma_gsm,3,2024-01,100.0
jma_gsm,3,2024-02,100.0
jma_gsm,3,2024-03,100.0
jma_gsm,4,2024-01,100.0
jma_gsm,4,2024-02,100.0
jma_gsm,4,2024-03,100.0
jma_gsm,5,2024-01,100.0
jma_gsm,5,2024-02,100.0
jma_gsm,5,2024-03,100.0
meteofrance_arpege_world,1,2024-01,84.6
meteofrance_arpege_world,1,2024-02,100.0
meteofrance_arpege_world,1,2024-03,100.0
meteofrance_arpege_world,2,2024-01,76.9
meteofrance_arpege_world,2,2024-02,100.0
meteofrance_arpege_world,2,2024-03,100.0
meteofrance_arpege_world,3,2024-01,69.2
meteofrance_arpege_world,3,2024-02,100.0
meteofrance_arpege_world,3,2024-03,100.0
